{
  "project_info": {
    "project_number": "106770898026",
    "project_id": "extracfff",
    "storage_bucket": "extracfff.firebasestorage.app"
  },
  "client": [
    {
      "client_info": {
        "mobilesdk_app_id": "1:106770898026:android:62ee371ffc159d9fe2fe13",
        "android_client_info": {
          "package_name": "com.example.extrac"
        }
      },
      "oauth_client": [],
      "api_key": [
        {
          "current_key": "AIzaSyDvLrWlyELAu_afwSwlAyxwrfktfJFn4_o"
        }
      ],
      "services": {
        "appinvite_service": {
          "other_platform_oauth_client": []
        }
      }
    }
  ],
  "configuration_version": "1"
}